rank,nodeOffset,op,peer,tag,size,readyTimeNs,issueTimeNs,finishTimeNs
0,0,calc,0,0,0,0,0,1
0,1,calc,0,0,0,1,1,2
0,2,calc,0,0,0,39388,39388,39389
0,3,send,1,0,65536,2,2,7319
0,4,recv,3,0,65536,2,2,5855
0,5,send,1,100000,65536,5856,5856,11790
0,6,recv,3,100000,65536,2,2,14597
0,7,send,1,200000,65536,14598,14598,20352
0,8,recv,3,200000,65536,2,2,19764
0,9,send,1,300000,65536,19765,19765,27665
0,10,recv,3,300000,65536,2,2,26365
0,11,send,1,400000,65536,26366,26366,32058
0,12,recv,3,400000,65536,2,2,33777
0,13,send,1,500000,65536,33778,33778,39388
0,14,recv,3,500000,65536,2,2,37166
0,15,calc,0,0,0,5855,5855,5856
0,16,calc,0,0,0,14597,14597,14598
0,17,calc,0,0,0,19764,19764,19765
0,18,calc,0,0,0,26365,26365,26366
0,19,calc,0,0,0,33777,33777,33778
0,20,calc,0,0,0,39389,39389,39390
1,0,calc,0,0,0,0,0,1
1,1,calc,0,0,0,1,1,2
1,2,calc,0,0,0,39388,39388,39389
1,3,recv,0,0,65536,2,2,7319
1,4,send,2,0,65536,2,2,5938
1,5,recv,0,100000,65536,2,2,11790
1,6,send,2,100000,65536,7320,7320,14846
1,7,recv,0,200000,65536,2,2,20352
1,8,send,2,200000,65536,11791,11791,19596
1,9,recv,0,300000,65536,2,2,27665
1,10,send,2,300000,65536,20353,20353,26028
1,11,recv,0,400000,65536,2,2,32058
1,12,send,2,400000,65536,27666,27666,34111
1,13,recv,0,500000,65536,2,2,39388
1,14,send,2,500000,65536,32059,32059,37586
1,15,calc,0,0,0,7319,7319,7320
1,16,calc,0,0,0,11790,11790,11791
1,17,calc,0,0,0,20352,20352,20353
1,18,calc,0,0,0,27665,27665,27666
1,19,calc,0,0,0,32058,32058,32059
1,20,calc,0,0,0,39389,39389,39390
2,0,calc,0,0,0,0,0,1
2,1,calc,0,0,0,1,1,2
2,2,calc,0,0,0,39721,39721,39722
2,3,recv,1,0,65536,2,2,5938
2,4,send,3,0,65536,2,2,7234
2,5,recv,1,100000,65536,2,2,14846
2,6,send,3,100000,65536,5939,5939,11875
2,7,recv,1,200000,65536,2,2,19596
2,8,send,3,200000,65536,14847,14847,20688
2,9,recv,1,300000,65536,2,2,26028
2,10,send,3,300000,65536,19597,19597,27414
2,11,recv,1,400000,65536,2,2,34111
2,12,send,3,400000,65536,26029,26029,31637
2,13,recv,1,500000,65536,2,2,37586
2,14,send,3,500000,65536,34112,34112,39721
2,15,calc,0,0,0,5938,5938,5939
2,16,calc,0,0,0,14846,14846,14847
2,17,calc,0,0,0,19596,19596,19597
2,18,calc,0,0,0,26028,26028,26029
2,19,calc,0,0,0,34111,34111,34112
2,20,calc,0,0,0,39722,39722,39723
3,0,calc,0,0,0,0,0,1
3,1,calc,0,0,0,1,1,2
3,2,calc,0,0,0,39721,39721,39722
3,3,recv,2,0,65536,2,2,7234
3,4,send,0,0,65536,2,2,5855
3,5,recv,2,100000,65536,2,2,11875
3,6,send,0,100000,65536,7235,7235,14597
3,7,recv,2,200000,65536,2,2,20688
3,8,send,0,200000,65536,11876,11876,19764
3,9,recv,2,300000,65536,2,2,27414
3,10,send,0,300000,65536,20689,20689,26365
3,11,recv,2,400000,65536,2,2,31637
3,12,send,0,400000,65536,27415,27415,33777
3,13,recv,2,500000,65536,2,2,39721
3,14,send,0,500000,65536,31638,31638,37166
3,15,calc,0,0,0,7234,7234,7235
3,16,calc,0,0,0,11875,11875,11876
3,17,calc,0,0,0,20688,20688,20689
3,18,calc,0,0,0,27414,27414,27415
3,19,calc,0,0,0,31637,31637,31638
3,20,calc,0,0,0,39722,39722,39723
4,0,calc,0,0,0,0,0,1
4,1,calc,0,0,0,1,1,2
4,2,calc,0,0,0,33357,33357,33358
4,3,recv,5,1,65536,2,2,15872
4,4,send,5,1,65536,15873,27545,33357
4,5,recv,6,1,65536,2,2,11005
4,6,send,6,1,65536,15873,24716,27232
4,7,calc,0,0,0,15872,15872,15873
4,8,calc,0,0,0,11005,11005,11006
4,9,recv,5,100001,65536,2,2,18384
4,10,send,5,100001,65536,18385,19058,26078
4,11,recv,6,100001,65536,2,2,5680
4,12,send,6,100001,65536,18385,21887,24403
4,13,calc,0,0,0,18384,18384,18385
4,14,calc,0,0,0,5680,5680,5681
4,15,recv,5,200001,65536,2,2,10624
4,16,send,5,200001,65536,10625,13400,18129
4,17,recv,6,200001,65536,2,2,8712
4,18,send,6,200001,65536,10625,16229,18748
4,19,calc,0,0,0,10624,10624,10625
4,20,calc,0,0,0,8712,8712,8713
4,21,recv,5,300001,65536,2,2,7741
4,22,send,5,300001,65536,7742,7742,13544
4,23,recv,6,300001,65536,2,2,2518
4,24,send,6,300001,65536,7742,10571,13087
4,25,calc,0,0,0,7741,7741,7742
4,26,calc,0,0,0,2518,2518,2519
4,27,calc,0,0,0,33358,33358,33359
5,0,calc,0,0,0,0,0,1
5,1,calc,0,0,0,1,1,2
5,2,calc,0,0,0,35874,35874,35875
5,3,send,4,1,65536,8181,8181,15872
5,4,recv,4,1,65536,15872,15872,33357
5,5,recv,7,1,65536,2,2,8180
5,6,send,7,1,65536,33357,33357,35874
5,7,calc,0,0,0,8180,8180,8181
5,8,send,4,100001,65536,11177,11177,18384
5,9,recv,4,100001,65536,18384,18384,26078
5,10,recv,7,100001,65536,2,2,11176
5,11,send,7,100001,65536,26078,26078,28595
5,12,calc,0,0,0,11176,11176,11177
5,13,send,4,200001,65536,5348,5348,10624
5,14,recv,4,200001,65536,10624,10624,18129
5,15,recv,7,200001,65536,2,2,5347
5,16,send,7,200001,65536,18129,18129,20646
5,17,calc,0,0,0,5347,5347,5348
5,18,send,4,300001,65536,2519,2519,7741
5,19,recv,4,300001,65536,7741,7741,13544
5,20,recv,7,300001,65536,2,2,2518
5,21,send,7,300001,65536,13544,14006,16542
5,22,calc,0,0,0,2518,2518,2519
5,23,calc,0,0,0,35875,35875,35876
6,0,calc,0,0,0,0,0,1
6,1,calc,0,0,0,1,1,2
6,2,calc,0,0,0,27232,27232,27233
6,3,send,4,1,65536,2,8489,11005
6,4,recv,4,1,65536,11005,11005,27232
6,5,send,4,100001,65536,2,2831,5680
6,6,recv,4,100001,65536,5680,5680,24403
6,7,send,4,200001,65536,2,5660,8712
6,8,recv,4,200001,65536,8712,8712,18748
6,9,send,4,300001,65536,2,2,2518
6,10,recv,4,300001,65536,2518,2518,13087
6,11,calc,0,0,0,27233,27233,27234
7,0,calc,0,0,0,0,0,1
7,1,calc,0,0,0,1,1,2
7,2,calc,0,0,0,35874,35874,35875
7,3,send,5,1,65536,2,5660,8180
7,4,recv,5,1,65536,8180,8180,35874
7,5,send,5,100001,65536,2,8489,11176
7,6,recv,5,100001,65536,11176,11176,28595
7,7,send,5,200001,65536,2,2831,5347
7,8,recv,5,200001,65536,5347,5347,20646
7,9,send,5,300001,65536,2,2,2518
7,10,recv,5,300001,65536,2518,2518,16542
7,11,calc,0,0,0,35875,35875,35876
8,0,calc,0,0,0,0,0,1
8,1,calc,0,0,0,1,1,2
8,2,calc,0,0,0,32666,32666,32667
8,3,send,9,2,65536,2,2,7150
8,4,send,10,2,65536,14262,14262,16779
8,5,send,11,2,65536,19299,19299,26830
8,6,recv,9,2,65536,7150,7150,14262
8,7,recv,10,2,65536,16779,16779,19299
8,8,recv,11,2,65536,26830,26830,32666
8,9,calc,0,0,0,32667,32667,32668
9,0,calc,0,0,0,0,0,1
9,1,calc,0,0,0,1,1,2
9,2,calc,0,0,0,35186,35186,35187
9,3,recv,8,2,65536,2,2,7150
9,4,send,8,2,65536,7150,7150,14262
9,5,send,10,2,65536,14262,14262,21111
9,6,send,11,2,65536,29049,29049,32666
9,7,recv,10,2,65536,21111,21111,29049
9,8,recv,11,2,65536,32666,32666,35186
9,9,calc,0,0,0,35187,35187,35188
10,0,calc,0,0,0,0,0,1
10,1,calc,0,0,0,1,1,2
10,2,calc,0,0,0,40102,40102,40103
10,3,recv,8,2,65536,2,2,16779
10,4,recv,9,2,65536,19299,19299,21111
10,5,send,8,2,65536,16779,16779,19299
10,6,send,9,2,65536,21111,21111,29049
10,7,send,11,2,65536,29049,29049,35495
10,8,recv,11,2,65536,35495,35186,40102
10,9,calc,0,0,0,40103,40103,40104
11,0,calc,0,0,0,0,0,1
11,1,calc,0,0,0,1,1,2
11,2,calc,0,0,0,40102,40102,40103
11,3,recv,8,2,65536,2,2,26830
11,4,recv,9,2,65536,32666,32666,32666
11,5,recv,10,2,65536,35186,35186,35495
11,6,send,8,2,65536,26830,26830,32666
11,7,send,9,2,65536,32666,32666,35186
11,8,send,10,2,65536,35495,35495,40102
11,9,calc,0,0,0,40103,40103,40104
