srcNode_dstNode_flowId,flowSizeBytes,startTimeNs,endTimeNs,fctNs,baseRttNs,targetRttNs,rtoNs,bdpBytes,maxCwndBytes,oooCount,oooAvgDistance,oooMaxDistance,totalPackets
9_8_1000000003,65536,2.000000,2518.960000,2516.960000,1268.960000,5485.350000,100000.000000,63448,95172,0,0.000000,0,16
3_2_1000000009,65536,2.000000,2518.960000,2516.960000,1268.960000,5485.350000,100000.000000,63448,95172,0,0.000000,0,16
9_8_1000000017,65536,2831.000000,5347.960000,2516.960000,1268.960000,5485.350000,100000.000000,63448,95172,0,0.000000,0,16
3_2_1000000019,65536,2831.000000,5680.760000,2849.760000,1268.960000,5485.350000,100000.000000,63448,95172,0,0.000000,0,16
7_0_1000000001,65536,2.000000,5855.280000,5853.280000,3382.960000,5485.350000,100000.000000,169148,253722,0,0.000000,0,16
6_1_1000000007,65536,2.000000,5938.480000,5936.480000,3467.440000,5485.350000,100000.000000,173372,260058,0,0.000000,0,16
4_10_1000000005,65536,2.000000,7150.160000,7148.160000,3382.960000,5485.350000,100000.000000,169148,253722,0,0.000000,0,16
1_7_1000000011,65536,2.000000,7234.640000,7232.640000,3549.360000,5485.350000,100000.000000,177468,266202,0,0.000000,0,16
0_6_1000000013,65536,2.000000,7319.120000,7317.120000,3633.840000,5485.350000,100000.000000,181692,272538,0,0.000000,0,16
8_2_1000000015,65536,2519.960000,7741.640000,5221.680000,3579.680000,5485.350000,100000.000000,178984,268476,0,0.000000,0,16
9_8_1000000023,65536,5660.000000,8180.800000,2520.800000,1268.960000,5485.350000,100000.000000,63448,95172,0,0.000000,0,16
3_2_1000000025,65536,5660.000000,8712.480000,3052.480000,1268.960000,5485.350000,100000.000000,63448,95172,0,0.000000,0,16
8_2_1000000021,65536,5348.000000,10624.920000,5276.920000,3476.520000,5485.350000,100000.000000,173826,260739,0,0.000000,0,16
3_2_1000000041,65536,8489.000000,11005.960000,2516.960000,1268.960000,5485.350000,100000.000000,63448,95172,0,0.000000,0,16
9_8_1000000043,65536,8489.000000,11176.200000,2687.200000,1268.960000,5485.350000,100000.000000,63448,95172,0,0.000000,0,16
0_6_1000000027,65536,5856.280000,11790.080000,5933.800000,3512.040000,5485.350000,100000.000000,175602,263403,0,0.000000,0,16
1_7_1000000029,65536,5939.480000,11875.840000,5936.360000,3678.440000,5485.350000,100000.000000,183922,275883,0,0.000000,0,16
2_3_1000000045,65536,10571.000000,13087.960000,2516.960000,1268.960000,5485.350000,100000.000000,63448,95172,0,0.000000,0,16
2_8_1000000037,65536,7742.640000,13544.960000,5802.320000,4217.680000,5485.350000,100000.000000,210883,316324,0,0.000000,0,16
10_4_1000000031,65536,7150.160000,14262.960000,7112.800000,3426.680000,5485.350000,100000.000000,171334,257001,0,0.000000,0,16
7_0_1000000033,65536,7235.640000,14597.040000,7361.400000,3510.160000,5485.350000,100000.000000,175508,263262,0,0.000000,0,16
6_1_1000000035,65536,7320.120000,14846.640000,7526.520000,3676.560000,5485.350000,100000.000000,183828,275742,0,0.000000,0,16
8_2_1000000039,65536,8181.800000,15872.880000,7691.080000,5328.520000,5485.350000,100000.000000,266426,399639,0,0.000000,0,16
8_9_1000000055,65536,14006.000000,16542.320000,2536.320000,1278.080000,5485.350000,100000.000000,63904,95856,0,0.000000,0,16
4_5_1000000057,65536,14262.960000,16779.920000,2516.960000,1268.960000,5485.350000,100000.000000,63448,95172,0,0.000000,0,16
2_8_1000000053,65536,13400.000000,18129.920000,4729.920000,3389.760000,5485.350000,100000.000000,169488,254232,0,0.000000,0,16
8_2_1000000047,65536,11177.200000,18384.240000,7207.040000,4700.800000,5485.350000,100000.000000,235040,352560,0,0.000000,0,16
2_3_1000000065,65536,16229.000000,18748.520000,2519.520000,1268.960000,5485.350000,100000.000000,63448,95172,0,0.000000,0,16
5_4_1000000067,65536,16779.920000,19299.840000,2519.920000,1268.960000,5485.350000,100000.000000,63448,95172,0,0.000000,0,16
6_1_1000000049,65536,11791.080000,19596.720000,7805.640000,4917.640000,5485.350000,100000.000000,245881,368821,0,0.000000,0,16
7_0_1000000051,65536,11876.840000,19764.400000,7887.560000,5000.840000,5485.350000,100000.000000,250042,375063,0,0.000000,0,16
0_6_1000000061,65536,14598.040000,20352.800000,5754.760000,3529.320000,5485.350000,100000.000000,176466,264699,0,0.000000,0,16
8_9_1000000069,65536,18129.920000,20646.880000,2516.960000,1268.960000,5485.350000,100000.000000,63448,95172,0,0.000000,0,16
1_7_1000000063,65536,14847.640000,20688.160000,5840.520000,3616.360000,5485.350000,100000.000000,180818,271227,0,0.000000,0,16
10_5_1000000059,65536,14262.960000,21111.040000,6848.080000,5585.920000,5485.350000,100000.000000,279296,418944,0,0.000000,0,16
2_3_1000000085,65536,21887.000000,24403.960000,2516.960000,1268.960000,5485.350000,100000.000000,63448,95172,0,0.000000,0,16
6_1_1000000079,65536,20353.800000,26028.800000,5675.000000,3420.920000,5485.350000,100000.000000,171046,256569,0,0.000000,0,16
2_8_1000000071,65536,19058.000000,26078.640000,7020.640000,3430.760000,5485.350000,100000.000000,171538,257307,0,0.000000,0,16
7_0_1000000081,65536,20689.160000,26365.440000,5676.280000,3586.040000,5485.350000,100000.000000,179302,268953,0,0.000000,0,16
4_11_1000000073,65536,19299.840000,26830.000000,7530.160000,3439.800000,5485.350000,100000.000000,171990,257985,0,0.000000,0,16
2_3_1000000087,65536,24716.000000,27232.960000,2516.960000,1268.960000,5485.350000,100000.000000,63448,95172,0,0.000000,0,16
1_7_1000000075,65536,19597.720000,27414.960000,7817.240000,3893.280000,5485.350000,100000.000000,194664,291996,0,0.000000,0,16
0_6_1000000077,65536,19765.400000,27665.840000,7900.440000,4146.720000,5485.350000,100000.000000,207336,311004,0,0.000000,0,16
8_9_1000000091,65536,26078.640000,28595.600000,2516.960000,1268.960000,5485.350000,100000.000000,63448,95172,0,0.000000,0,16
5_10_1000000083,65536,21111.040000,29049.440000,7938.400000,6638.000000,5485.350000,100000.000000,331900,497850,0,0.000000,0,16
10_11_1000000103,65536,29049.440000,31568.960000,2519.520000,1268.960000,5485.350000,100000.000000,63448,95172,0,0.000000,0,16
1_7_1000000089,65536,26029.800000,31637.600000,5607.800000,3436.920000,5485.350000,100000.000000,171846,257769,0,0.000000,0,16
0_6_1000000093,65536,26366.440000,32058.720000,5692.280000,3518.840000,5485.350000,100000.000000,175942,263913,0,0.000000,0,16
11_4_1000000095,65536,26830.000000,32666.520000,5836.520000,3436.320000,5485.350000,100000.000000,171816,257724,0,0.000000,0,16
2_8_1000000099,65536,27545.000000,33357.560000,5812.560000,4429.240000,5485.350000,100000.000000,221462,332193,0,0.000000,0,16
7_0_1000000097,65536,27415.960000,33777.680000,6361.720000,3496.960000,5485.350000,100000.000000,174848,262272,0,0.000000,0,16
6_1_1000000101,65536,27666.840000,34111.760000,6444.920000,3831.040000,5485.350000,100000.000000,191552,287328,0,0.000000,0,16
5_11_1000000105,65536,29049.440000,34778.360000,5728.920000,4392.600000,5485.350000,100000.000000,219630,329445,0,0.000000,0,16
11_10_1000000111,65536,32666.520000,35186.040000,2519.520000,1268.960000,5485.350000,100000.000000,63448,95172,0,0.000000,0,16
8_9_1000000113,65536,33357.560000,35874.520000,2516.960000,1268.960000,5485.350000,100000.000000,63448,95172,0,0.000000,0,16
7_0_1000000107,65536,31638.600000,37166.760000,5528.160000,3353.440000,5485.350000,100000.000000,167672,251508,0,0.000000,0,16
6_1_1000000109,65536,32059.720000,37586.600000,5526.880000,3519.840000,5485.350000,100000.000000,175992,263988,0,0.000000,0,16
0_6_1000000115,65536,33778.680000,39388.760000,5610.080000,3435.280000,5485.350000,100000.000000,171764,257646,0,0.000000,0,16
1_7_1000000117,65536,34112.760000,39721.560000,5608.800000,3519.760000,5485.350000,100000.000000,175988,263982,0,0.000000,0,16
11_5_1000000119,65536,35495.000000,40102.840000,4607.840000,3353.440000,5485.350000,100000.000000,167672,251508,0,0.000000,0,16
