ready_window_id,ready_window_start_ns,ready_window_end_exclusive_ns,ready_flow_count,min_slack_ns,max_slack_ns,slack_spread_ns,distinct_collectives,flow_id,collective_id,collective_node,algorithm,phase,step,chunk,ready_ns,issue_ns,oracle_slack_ns
0,0,100,13,0,4228,4228,3,0,0,ring_allreduce,ring,reduce_scatter,0,3,2,2,381
0,0,100,13,0,4228,4228,3,1,0,ring_allreduce,ring,reduce_scatter,0,0,2,2,381
0,0,100,13,0,4228,4228,3,2,0,ring_allreduce,ring,reduce_scatter,0,1,2,2,381
0,0,100,13,0,4228,4228,3,3,0,ring_allreduce,ring,reduce_scatter,0,2,2,2,381
0,0,100,13,0,4228,4228,3,26,1,tree_allreduce,tree,reduce,0,0,2,8489,4228
0,0,100,13,0,4228,4228,3,28,1,tree_allreduce,tree,reduce,0,0,2,5660,4228
0,0,100,13,0,4228,4228,3,32,1,tree_allreduce,tree,reduce,0,1,2,2831,4228
0,0,100,13,0,4228,4228,3,34,1,tree_allreduce,tree,reduce,0,1,2,8489,4228
0,0,100,13,0,4228,4228,3,38,1,tree_allreduce,tree,reduce,0,2,2,5660,4228
0,0,100,13,0,4228,4228,3,40,1,tree_allreduce,tree,reduce,0,2,2,2831,4228
0,0,100,13,0,4228,4228,3,44,1,tree_allreduce,tree,reduce,0,3,2,2,4228
0,0,100,13,0,4228,4228,3,46,1,tree_allreduce,tree,reduce,0,3,2,2,4228
0,0,100,13,0,4228,4228,3,48,2,direct_alltoall,direct,exchange,1,0,2,2,0
25,2500,2600,1,4228,4228,0,1,42,1,tree_allreduce,tree,reduce,0,3,2519,2519,4228
53,5300,5400,1,4228,4228,0,1,36,1,tree_allreduce,tree,reduce,0,2,5348,5348,4228
58,5800,5900,1,381,381,0,1,4,0,ring_allreduce,ring,reduce_scatter,1,2,5856,5856,381
59,5900,6000,1,381,381,0,1,6,0,ring_allreduce,ring,reduce_scatter,1,0,5939,5939,381
71,7100,7200,1,0,0,0,1,51,2,direct_alltoall,direct,exchange,0,0,7150,7150,0
72,7200,7300,1,381,381,0,1,7,0,ring_allreduce,ring,reduce_scatter,1,1,7235,7235,381
73,7300,7400,1,381,381,0,1,5,0,ring_allreduce,ring,reduce_scatter,1,3,7320,7320,381
77,7700,7800,2,4228,6745,2517,1,43,1,tree_allreduce,tree,broadcast,1,3,7742,7742,4228
77,7700,7800,2,4228,6745,2517,1,45,1,tree_allreduce,tree,broadcast,1,3,7742,10571,6745
81,8100,8200,1,4228,4228,0,1,24,1,tree_allreduce,tree,reduce,0,0,8181,8181,4228
106,10600,10700,2,4228,6745,2517,1,37,1,tree_allreduce,tree,broadcast,1,2,10625,13400,4228
106,10600,10700,2,4228,6745,2517,1,39,1,tree_allreduce,tree,broadcast,1,2,10625,16229,6745
111,11100,11200,1,4228,4228,0,1,30,1,tree_allreduce,tree,reduce,0,1,11177,11177,4228
117,11700,11800,1,381,381,0,1,9,0,ring_allreduce,ring,reduce_scatter,2,2,11791,11791,381
118,11800,11900,1,381,381,0,1,11,0,ring_allreduce,ring,reduce_scatter,2,0,11876,11876,381
135,13500,13600,1,4228,4228,0,1,47,1,tree_allreduce,tree,broadcast,1,3,13544,14006,4228
142,14200,14300,2,0,0,0,1,49,2,direct_alltoall,direct,exchange,2,0,14262,14262,0
142,14200,14300,2,0,0,0,1,52,2,direct_alltoall,direct,exchange,2,0,14262,14262,0
145,14500,14600,1,381,381,0,1,8,0,ring_allreduce,ring,reduce_scatter,2,1,14598,14598,381
148,14800,14900,1,381,381,0,1,10,0,ring_allreduce,ring,reduce_scatter,2,3,14847,14847,381
158,15800,15900,2,4228,6745,2517,1,25,1,tree_allreduce,tree,broadcast,1,0,15873,27545,4228
158,15800,15900,2,4228,6745,2517,1,27,1,tree_allreduce,tree,broadcast,1,0,15873,24716,6745
167,16700,16800,1,0,0,0,1,54,2,direct_alltoall,direct,exchange,0,0,16779,16779,0
181,18100,18200,1,4228,4228,0,1,41,1,tree_allreduce,tree,broadcast,1,2,18129,18129,4228
183,18300,18400,2,4228,6745,2517,1,31,1,tree_allreduce,tree,broadcast,1,1,18385,19058,4228
183,18300,18400,2,4228,6745,2517,1,33,1,tree_allreduce,tree,broadcast,1,1,18385,21887,6745
192,19200,19300,1,0,0,0,1,50,2,direct_alltoall,direct,exchange,3,0,19299,19299,0
195,19500,19600,1,381,381,0,1,14,0,ring_allreduce,ring,allgather,0,2,19597,19597,381
197,19700,19800,1,381,381,0,1,12,0,ring_allreduce,ring,allgather,0,0,19765,19765,381
203,20300,20400,1,381,381,0,1,13,0,ring_allreduce,ring,allgather,0,1,20353,20353,381
206,20600,20700,1,381,381,0,1,15,0,ring_allreduce,ring,allgather,0,3,20689,20689,381
211,21100,21200,1,0,0,0,1,55,2,direct_alltoall,direct,exchange,1,0,21111,21111,0
260,26000,26100,2,381,4228,3847,2,18,0,ring_allreduce,ring,allgather,1,1,26029,26029,381
260,26000,26100,2,381,4228,3847,2,35,1,tree_allreduce,tree,broadcast,1,1,26078,26078,4228
263,26300,26400,1,381,381,0,1,16,0,ring_allreduce,ring,allgather,1,3,26366,26366,381
268,26800,26900,1,0,0,0,1,57,2,direct_alltoall,direct,exchange,0,0,26830,26830,0
274,27400,27500,1,381,381,0,1,19,0,ring_allreduce,ring,allgather,1,2,27415,27415,381
276,27600,27700,1,381,381,0,1,17,0,ring_allreduce,ring,allgather,1,0,27666,27666,381
290,29000,29100,2,0,0,0,1,53,2,direct_alltoall,direct,exchange,3,0,29049,29049,0
290,29000,29100,2,0,0,0,1,56,2,direct_alltoall,direct,exchange,3,0,29049,29049,0
316,31600,31700,1,381,381,0,1,23,0,ring_allreduce,ring,allgather,2,1,31638,31638,381
320,32000,32100,1,381,381,0,1,21,0,ring_allreduce,ring,allgather,2,3,32059,32059,381
326,32600,32700,1,0,0,0,1,58,2,direct_alltoall,direct,exchange,1,0,32666,32666,0
333,33300,33400,1,4228,4228,0,1,29,1,tree_allreduce,tree,broadcast,1,0,33357,33357,4228
337,33700,33800,1,714,714,0,1,20,0,ring_allreduce,ring,allgather,2,2,33778,33778,714
341,34100,34200,1,381,381,0,1,22,0,ring_allreduce,ring,allgather,2,0,34112,34112,381
354,35400,35500,1,0,0,0,1,59,2,direct_alltoall,direct,exchange,2,0,35495,35495,0
