flow_id,collective_id,collective_node,algorithm,phase,step,chunk,channel,src,dst,tag,send_rank,send_task_id,recv_rank,recv_task_id,ready_ns,issue_ns,finish_ns,remaining_critical_ns,oracle_slack_ns,ready_to_issue_wait_ns,flow_duration_ns,ordering_domain,downstream_terminal,downstream_terminal_finish_ns
0,0,ring_allreduce,ring,reduce_scatter,0,3,0,0,1,0,0,3,1,3,2,2,8634,37632,4686,0,8632,0,task:3:20,46266
1,0,ring_allreduce,ring,reduce_scatter,0,0,0,1,2,0,1,4,2,3,2,2,7232,39034,4686,0,7230,0,task:3:20,46266
2,0,ring_allreduce,ring,reduce_scatter,0,1,0,2,3,0,2,4,3,3,2,2,8550,37716,4686,0,8548,0,task:3:20,46266
3,0,ring_allreduce,ring,reduce_scatter,0,2,0,3,0,0,3,4,0,4,2,2,7148,39118,4686,0,7146,0,task:3:20,46266
4,0,ring_allreduce,ring,reduce_scatter,1,2,0,0,1,100000,0,5,1,5,7149,7149,13863,32403,4686,0,6714,0,task:3:20,46266
5,0,ring_allreduce,ring,reduce_scatter,1,3,0,1,2,100000,1,6,2,5,8635,8635,18336,27930,4686,0,9701,0,task:3:20,46266
6,0,ring_allreduce,ring,reduce_scatter,1,0,0,2,3,100000,2,6,3,5,7233,7233,14032,32234,4686,0,6799,0,task:3:20,46266
7,0,ring_allreduce,ring,reduce_scatter,1,1,0,3,0,100000,3,6,0,6,8551,8551,18170,28096,4686,0,9619,0,task:3:20,46266
8,0,ring_allreduce,ring,reduce_scatter,2,1,0,0,1,200000,0,7,1,7,18171,18171,24804,21462,4686,0,6633,0,task:3:20,46266
9,0,ring_allreduce,ring,reduce_scatter,2,2,0,1,2,200000,1,8,2,7,13864,13864,23251,23015,4686,0,9387,0,task:3:20,46266
10,0,ring_allreduce,ring,reduce_scatter,2,3,0,2,3,200000,2,8,3,7,18337,18337,24972,21294,4686,0,6635,0,task:3:20,46266
11,0,ring_allreduce,ring,reduce_scatter,2,0,0,3,0,200000,3,8,0,8,14033,14033,23589,22677,4686,0,9556,0,task:3:20,46266
12,0,ring_allreduce,ring,allgather,0,0,0,0,1,300000,0,9,1,9,23590,23590,31741,14525,4686,0,8151,0,task:3:20,46266
13,0,ring_allreduce,ring,allgather,0,1,0,1,2,300000,1,10,2,9,24805,24805,30942,15324,4686,0,6137,0,task:3:20,46266
14,0,ring_allreduce,ring,allgather,0,2,0,2,3,300000,2,10,3,9,23252,23252,31156,15110,4686,0,7904,0,task:3:20,46266
15,0,ring_allreduce,ring,allgather,0,3,0,3,0,300000,3,10,0,10,24973,24973,31195,15071,4686,0,6222,0,task:3:20,46266
16,0,ring_allreduce,ring,allgather,1,3,0,0,1,400000,0,11,1,11,31196,31196,39012,7254,4686,0,7816,0,task:2:20,46266
17,0,ring_allreduce,ring,allgather,1,0,0,1,2,400000,1,12,2,11,31742,31742,37459,8807,4686,0,5717,0,task:3:20,46266
18,0,ring_allreduce,ring,allgather,1,1,0,2,3,400000,2,12,3,11,30943,30943,38427,7839,4686,0,7484,0,task:3:20,46266
19,0,ring_allreduce,ring,allgather,1,2,0,3,0,400000,3,12,0,12,31157,31157,36708,9558,4686,0,5551,0,task:3:20,46266
20,0,ring_allreduce,ring,allgather,2,2,0,0,1,500000,0,13,1,13,36709,36709,44756,214,5982,0,8047,0,task:1:20,44970
21,0,ring_allreduce,ring,allgather,2,3,0,1,2,500000,1,14,2,13,39013,39013,44968,1298,4686,0,5955,0,task:2:20,46266
22,0,ring_allreduce,ring,allgather,2,0,0,2,3,500000,2,14,3,13,37460,37460,46264,2,4686,0,8804,0,task:3:20,46266
23,0,ring_allreduce,ring,allgather,2,1,0,3,0,500000,3,14,0,14,38428,38428,43709,2557,4686,0,5281,0,task:3:20,46266
24,1,tree_allreduce,tree,reduce,0,0,0,5,4,1,5,3,4,3,11356,14040,23755,27197,0,2684,12399,1,task:7:11,50952
25,1,tree_allreduce,tree,broadcast,1,0,0,4,5,1,4,4,5,4,23756,31817,39678,11274,0,8061,15922,1,task:7:11,50952
26,1,tree_allreduce,tree,reduce,0,0,0,6,4,1,6,3,4,5,2,5660,10325,40627,0,5658,10323,1,task:7:11,50952
27,1,tree_allreduce,tree,broadcast,1,0,0,4,6,1,4,6,6,4,23756,26159,34084,12266,4602,2403,10328,1,task:4:27,46350
28,1,tree_allreduce,tree,reduce,0,0,0,7,5,1,7,3,5,5,2,5660,11355,39597,0,5658,11353,1,task:7:11,50952
29,1,tree_allreduce,tree,broadcast,1,0,0,5,7,1,5,6,7,4,39678,39678,45722,5230,0,0,6044,1,task:7:11,50952
30,1,tree_allreduce,tree,reduce,0,1,0,5,4,100001,5,8,4,9,15370,16869,25513,25439,0,1499,10143,1,task:7:11,50952
31,1,tree_allreduce,tree,broadcast,1,1,0,4,5,100001,4,10,5,9,25514,37475,46348,4604,0,11961,20834,1,task:7:11,50952
32,1,tree_allreduce,tree,reduce,0,1,0,6,4,100001,6,5,4,11,2,2831,8654,42298,0,2829,8652,1,task:7:11,50952
33,1,tree_allreduce,tree,broadcast,1,1,0,4,6,100001,4,12,6,6,25514,28988,35676,10674,4602,3474,10162,1,task:4:27,46350
34,1,tree_allreduce,tree,reduce,0,1,0,7,5,100001,7,5,5,10,2,8489,15369,35583,0,8487,15367,1,task:7:11,50952
35,1,tree_allreduce,tree,broadcast,1,1,0,5,7,100001,5,11,7,6,46348,46348,50950,2,0,0,4602,1,task:7:11,50952
36,1,tree_allreduce,tree,reduce,0,2,0,5,4,200001,5,13,4,15,10102,11211,19894,31058,0,1109,9792,1,task:7:11,50952
37,1,tree_allreduce,tree,broadcast,1,2,0,4,5,200001,4,16,5,14,19895,20501,26423,24529,0,606,6528,1,task:7:11,50952
38,1,tree_allreduce,tree,reduce,0,2,0,6,4,200001,6,7,4,17,2,8489,18087,32865,0,8487,18085,1,task:7:11,50952
39,1,tree_allreduce,tree,broadcast,1,2,0,4,6,200001,4,18,6,8,19895,34646,42411,3939,4602,14751,22516,1,task:4:27,46350
40,1,tree_allreduce,tree,reduce,0,2,0,7,5,200001,7,7,5,15,2,2831,10101,40851,0,2829,10099,1,task:7:11,50952
41,1,tree_allreduce,tree,broadcast,1,2,0,5,7,200001,5,16,7,8,26423,26699,32532,18420,0,276,6109,1,task:7:11,50952
42,1,tree_allreduce,tree,reduce,0,3,0,5,4,300001,5,18,4,21,8382,8382,17671,33281,0,0,9289,1,task:7:11,50952
43,1,tree_allreduce,tree,broadcast,1,3,0,4,5,300001,4,22,5,19,17672,17672,23870,27082,0,0,6198,1,task:7:11,50952
44,1,tree_allreduce,tree,reduce,0,3,0,6,4,300001,6,9,4,23,2,2,7317,43635,0,0,7315,1,task:7:11,50952
45,1,tree_allreduce,tree,broadcast,1,3,0,4,6,300001,4,24,6,10,17672,23330,31324,15026,4602,5658,13652,1,task:4:27,46350
46,1,tree_allreduce,tree,reduce,0,3,0,7,5,300001,7,9,5,20,2,2,8381,42571,0,0,8379,1,task:7:11,50952
47,1,tree_allreduce,tree,broadcast,1,3,0,5,7,300001,5,21,7,10,23870,23870,29020,21932,0,0,5150,1,task:7:11,50952
48,2,direct_alltoall,direct,exchange,1,0,0,8,9,2,8,3,9,3,2,2,8465,38597,3890,0,8463,2,task:11:9,47062
49,2,direct_alltoall,direct,exchange,2,0,0,8,10,2,8,4,10,3,17837,17837,20354,26708,3890,0,2517,2,task:11:9,47062
50,2,direct_alltoall,direct,exchange,3,0,0,8,11,2,8,5,11,3,22871,22871,30023,17039,3890,0,7152,2,task:11:9,47062
51,2,direct_alltoall,direct,exchange,0,0,0,9,8,2,9,4,8,6,8465,8465,17837,29225,3890,0,9372,2,task:11:9,47062
52,2,direct_alltoall,direct,exchange,2,0,0,9,10,2,9,5,10,4,17837,17837,26349,20713,3890,0,8512,2,task:11:9,47062
53,2,direct_alltoall,direct,exchange,3,0,0,9,11,2,9,6,11,4,34335,34335,36852,10210,3890,0,2517,2,task:11:9,47062
54,2,direct_alltoall,direct,exchange,0,0,0,10,8,2,10,5,8,7,20354,20354,22871,24191,3890,0,2517,2,task:11:9,47062
55,2,direct_alltoall,direct,exchange,1,0,0,10,9,2,10,6,9,7,26349,26349,34335,12727,3890,0,7986,2,task:11:9,47062
56,2,direct_alltoall,direct,exchange,3,0,0,10,11,2,10,7,11,5,34335,34335,42074,4988,3890,0,7739,2,task:11:9,47062
57,2,direct_alltoall,direct,exchange,0,0,0,11,8,2,11,6,8,8,30023,30023,34870,12192,3890,0,4847,2,task:11:9,47062
58,2,direct_alltoall,direct,exchange,1,0,0,11,9,2,11,7,9,8,36852,36852,39369,7693,3890,0,2517,2,task:11:9,47062
59,2,direct_alltoall,direct,exchange,2,0,0,11,10,2,11,8,10,8,42074,42074,47060,2,3890,0,4986,2,task:11:9,47062
