ready_window_id,ready_window_start_ns,ready_window_end_exclusive_ns,ready_flow_count,min_slack_ns,max_slack_ns,slack_spread_ns,distinct_collectives
0,0,100,13,0,4686,4686,3
71,7100,7200,1,4686,4686,0,1
72,7200,7300,1,4686,4686,0,1
83,8300,8400,1,0,0,0,1
84,8400,8500,1,3890,3890,0,1
85,8500,8600,1,4686,4686,0,1
86,8600,8700,1,4686,4686,0,1
101,10100,10200,1,0,0,0,1
113,11300,11400,1,0,0,0,1
138,13800,13900,1,4686,4686,0,1
140,14000,14100,1,4686,4686,0,1
153,15300,15400,1,0,0,0,1
176,17600,17700,2,0,4602,4602,1
178,17800,17900,2,3890,3890,0,1
181,18100,18200,1,4686,4686,0,1
183,18300,18400,1,4686,4686,0,1
198,19800,19900,2,0,4602,4602,1
203,20300,20400,1,3890,3890,0,1
228,22800,22900,1,3890,3890,0,1
232,23200,23300,1,4686,4686,0,1
235,23500,23600,1,4686,4686,0,1
237,23700,23800,2,0,4602,4602,1
238,23800,23900,1,0,0,0,1
248,24800,24900,1,4686,4686,0,1
249,24900,25000,1,4686,4686,0,1
255,25500,25600,2,0,4602,4602,1
263,26300,26400,1,3890,3890,0,1
264,26400,26500,1,0,0,0,1
300,30000,30100,1,3890,3890,0,1
309,30900,31000,1,4686,4686,0,1
311,31100,31200,2,4686,4686,0,1
317,31700,31800,1,4686,4686,0,1
343,34300,34400,2,3890,3890,0,1
367,36700,36800,1,5982,5982,0,1
368,36800,36900,1,3890,3890,0,1
374,37400,37500,1,4686,4686,0,1
384,38400,38500,1,4686,4686,0,1
390,39000,39100,1,4686,4686,0,1
396,39600,39700,1,0,0,0,1
420,42000,42100,1,3890,3890,0,1
463,46300,46400,1,0,0,0,1
